CSP (Randomised Optimisation), , , , , ,
Valid?, Score, RAM (MB), Time (ms), #Sessions, ,
false,-1,12.543376,356.2118,1, ,
true,56,3.281432,80.8268,2, ,
false,-1,2.788336,11.2752,3, ,
false,-1,2.723248,7.5905,4, ,
true,53,3.115304,31.8259,5, ,
true,58,3.23144,54.1698,6, ,
false,-1,2.920184,10.2588,7, ,
false,-1,2.981368,16.9867,8, ,
true,58,3.594536,60.2874,9, ,
true,60,3.645064,39.9311,10, ,
