CSP Algorithm, , , , , ,
Valid?, Score, RAM (MB), Time (ms), #Sessions, ,
true,71,12.545264,288.0409,1, ,
false,-1,3.222048,25.0814,2, ,
false,-1,2.828416,8.2153,3, ,
true,48,2.828376,29.3382,4, ,
false,-1,3.02416,9.9285,5, ,
true,44,2.833152,26.4449,6, ,
false,-1,3.02656,9.6541,7, ,
true,42,3.086816,28.1202,8, ,
true,45,3.282712,33.757,9, ,
false,-1,3.280096,17.0331,10, ,
