CSP Algorithm, , , , , ,
Valid?, Score, RAM (MB), Time (ms), #Sessions, ,
true,61,12.042784,254.4877,1, ,
true,59,3.731168,55.6046,2, ,
true,53,2.767216,20.7627,3, ,
true,45,2.643304,10.9211,4, ,
false,-1,2.896672,10.7872,5, ,
false,-1,2.9568,17.0795,6, ,
true,40,3.028896,25.9902,7, ,
false,-1,3.08904,19.8962,8, ,
false,-1,3.33788,20.2821,9, ,
true,56,3.37868,45.9723,10, ,
