Greedy Brute Force, , , , , ,
Valid?, Score, RAM (MB), Time (ms), #Sessions, ,
true,42,4.165696,4.2635,1, ,
true,55,0.0,0.2069,2, ,
true,49,2.036368,0.3856,3, ,
true,55,0.0,0.2082,4, ,
true,50,2.036592,0.4308,5, ,
true,49,0.0,0.1893,6, ,
true,50,0.0,0.3414,7, ,
true,45,2.037672,0.265,8, ,
true,57,2.079736,0.4611,9, ,
true,64,2.038128,0.6734,10, ,
