CSP (Randomised Optimisation), , , , ,
Valid?, Score, RAM (MB), Time (ms), ,
false,-1,12.543336,329.8347, ,
true,72,3.20288,71.2524, ,
true,65,2.976936,35.5977, ,
false,-1,2.852072,11.2085, ,
true,56,3.040456,51.3623, ,
true,70,3.29496,54.9461, ,
false,-1,2.983192,11.0391, ,
true,62,3.527512,48.1343, ,
true,51,3.44328,26.0406, ,
false,-1,3.048576,7.794, ,
