CSP Algorithm, , , , , ,
Valid?, Score, RAM (MB), Time (ms), #Sessions, ,
true,30,12.548392,383.0387,1, ,
true,71,3.306696,32.0651,2, ,
false,-1,2.706192,5.8293,3, ,
true,54,2.892728,15.9358,4, ,
true,51,3.023616,16.7073,5, ,
false,-1,3.024656,8.2637,6, ,
true,55,3.093192,20.5845,7, ,
true,51,3.279872,29.6059,8, ,
true,55,3.52064,26.4963,9, ,
true,59,3.3876,24.6604,10, ,
