CSP Algorithm, , , , , ,
Valid?, Score, RAM (MB), Time (ms), #Sessions, ,
true,55,12.03972,265.9757,1, ,
true,42,3.731768,47.813,2, ,
true,57,2.768824,16.1807,3, ,
false,-1,2.89664,11.2606,4, ,
false,-1,2.957664,8.4815,5, ,
false,-1,2.895648,8.4401,6, ,
true,38,2.958728,24.5124,7, ,
true,64,3.382112,36.9792,8, ,
false,-1,3.15312,11.5151,9, ,
true,46,3.37612,24.7711,10, ,
