CSP Algorithm, , , , , ,
Valid?, Score, RAM (MB), Time (ms), #Sessions, ,
true,39,12.54312,325.4053,1, ,
true,42,3.137408,46.6122,2, ,
true,66,2.894176,18.9711,3, ,
true,56,2.89672,22.1018,4, ,
true,33,2.708352,10.4281,5, ,
false,-1,3.149632,16.9668,6, ,
false,-1,3.149504,20.6172,7, ,
true,54,3.087408,32.8422,8, ,
true,41,3.220272,24.6333,9, ,
true,58,3.380032,22.9372,10, ,
