CSP Algorithm, , , , , ,
Valid?, Score, RAM (MB), Time (ms), #Sessions, ,
true,57,12.043984,255.8818,1, ,
true,50,3.731128,112.6766,2, ,
false,-1,2.833024,14.5363,3, ,
true,54,3.020832,35.1312,4, ,
true,53,3.0904,33.8672,5, ,
false,-1,3.025056,12.1046,6, ,
true,61,3.08524,37.9157,7, ,
true,62,3.15696,34.8197,8, ,
true,55,3.279848,30.1591,9, ,
true,62,3.348464,61.2637,10, ,
